{
    "series": [
      {
        "nome": "Good Girls",
        "generos": ["Crime", "Drama", "Comedia"],
        "descricao": "Três donas de casa suburbanas entram no mundo do crime para melhorar suas vidas financeiras."
      },
      {
        "nome": "Friends",
        "generos": ["Comedia", "Drama"],
        "descricao": "A vida de seis amigos que vivem em Nova York, enfrentando desafios e aventuras juntos."
      },
      {
        "nome": "Grace and Frankie",
        "generos": ["Comedia", "Drama"],
        "descricao": "Duas mulheres idosas descobrem que seus maridos são gays e se tornam amigas improváveis."
      },
      {
        "nome": "The Good Place",
        "generos": ["Comedia", "Fantasia"],
        "descricao": "Após a morte, uma mulher é enviada para o 'Bom Lugar', mas logo percebe que há um erro."
      },
      {
        "nome": "9-1-1 Fox",
        "generos": ["Crime", "Drama"],
        "descricao": "Acompanhe as vidas de policiais, bombeiros e paramédicos em Los Angeles enquanto enfrentam emergências."
      },
      {
        "nome": "The Addams Family (1964 - 1966)",
        "generos": ["Terror", "Comedia"],
        "descricao": "A vida bizarra e excêntrica da família Addams, conhecida por suas peculiaridades."
      },
      {
        "nome": "Shining Vale",
        "generos": ["Terror", "Comedia"],
        "descricao": "Uma família se muda para uma casa assombrada em uma cidade que também é estranha."
      }
    ]
}
  